period,mean_yield
early,84655.50070641424
late,83982.79351157052
