Period,Yield-Rainfall Correlation
Overall,-0.0022128315128923447
Early Years,-0.0008835285884819064
Late Years,-0.018136658696254353
