Period,Correlation
Overall,-0.0022128315128923447
Early,-0.0008835285884819064
Late,-0.018136658696254353
