state,yield,mean,std,cv
tamil nadu,3.6111752854264605,3.6111752854264605,2.3204280465872613,0.6425686551278087
andhra pradesh,2.568226666666667,2.568226666666667,1.381403159185071,0.537882102508503
karnataka,2.1754834437086092,2.1754834437086092,1.199296346901485,0.5512780850480802
madhya pradesh,1.8853166001140902,1.8853166001140902,1.10104771847551,0.5840121061941957
maharashtra,1.5684334600760454,1.5684334600760454,1.3041466395030352,0.8314963131683022
